ONT 002,Jessie Beetles,jbeetles0@chronoengine.com,322-619-8158
ONT 001,Sibilla Dumblton,sdumblton1@nhs.uk,217-249-7527
ONT 002,Merridie Hairyes,mhairyes2@digg.com,751-306-2653
ONT 001,Parker Angood,pangood3@va.gov,462-528-1227
ONT 001,Jordon Gopsell,jgopsell4@amazon.de,833-663-0973
ONT 002,Odey Cleland,ocleland5@ning.com,734-994-6679
ONT 002,Rip Heake,rheake6@va.gov,595-293-8186
ONT 002,Theodore Blaine,tblaine7@nbcnews.com,821-478-1342
ONT 001,Darrell Sherrell,dsherrell8@github.io,410-154-3235
ONT 002,Waring Darter,wdarter9@cornell.edu,651-200-5247
ONT 002,Willow Mathews,wmathewsa@hugedomains.com,271-302-5460
ONT 001,Blondy Hinckesman,bhinckesmanb@icq.com,627-443-9662
ONT 002,Hortense Sandever,hsandeverc@mlb.com,986-484-1556
ONT 002,Kacie Betjes,kbetjesd@mediafire.com,346-618-6111
ONT 002,Christabel Rapaport,crapaporte@yolasite.com,424-543-2214
ONT 001,Anastasia McTaggart,amctaggartf@friendfeed.com,962-574-9280
ONT 002,Lindi Mazzeo,lmazzeog@nymag.com,940-298-8957
ONT 002,Suzy McGregor,smcgregorh@gmpg.org,849-779-1132
ONT 002,Nicolai Renfree,nrenfreei@surveymonkey.com,109-499-5126
ONT 001,Kylynn Lumpkin,klumpkinj@ow.ly,591-274-3132
ONT 001,Bobbette Polak,bpolakk@usnews.com,193-735-1798
ONT 002,Kati Ritchman,kritchmanl@twitter.com,479-667-2922
ONT 001,Addy Mussen,amussenm@go.com,881-504-8791
ONT 002,Susann Bridson,sbridsonn@artisteer.com,945-674-6372
ONT 002,Yvette Leggis,yleggiso@goo.ne.jp,657-519-6440
ONT 002,Shell Neylan,sneylanp@nytimes.com,302-615-1007
ONT 001,Ivar Crossgrove,icrossgroveq@chron.com,580-456-9356
ONT 001,Cherry MacRedmond,cmacredmondr@uol.com.br,243-547-8358
ONT 001,Samuele Densie,sdensies@unicef.org,427-704-8609
ONT 002,Matthias Shee,msheet@free.fr,177-213-0531
ONT 002,Stephana Brito,sbritou@ifeng.com,400-506-6841
ONT 001,Ruthe Stevenson,rstevensonv@usnews.com,374-524-6808
ONT 001,Iosep Timewell,itimewellw@furl.net,162-566-7327
ONT 001,Berne MacArthur,bmacarthurx@about.com,253-143-7328
ONT 001,Kalle Burgoyne,kburgoyney@etsy.com,734-925-9404
ONT 001,Chrissie Trump,ctrumpz@yellowpages.com,387-328-6226
ONT 001,Haily Kybird,hkybird10@naver.com,235-175-3621
ONT 001,Kristina Newlan,knewlan11@quantcast.com,975-370-8620
ONT 002,Purcell Mussington,pmussington12@ifeng.com,534-253-8754
ONT 002,Bart Godlee,bgodlee13@npr.org,336-212-8829
ONT 002,Elizabeth Powlett,epowlett14@gizmodo.com,684-541-0237
ONT 002,Thedrick Haskell,thaskell15@nifty.com,706-504-3906
ONT 001,Curtis Beggs,cbeggs16@last.fm,651-831-3958
ONT 002,Micaela Francom,mfrancom17@smh.com.au,684-500-7299
ONT 001,Chuck Ugo,cugo18@w3.org,865-468-9130
ONT 002,Carmel Hundy,chundy19@last.fm,801-977-3369
ONT 002,Moria Cathie,mcathie1a@ucla.edu,556-710-7124
ONT 001,Annecorinne Gillie,agillie1b@typepad.com,426-360-5465
ONT 001,Edi Dugall,edugall1c@people.com.cn,476-387-7292
ONT 002,Teddy Siggin,tsiggin1d@marketwatch.com,204-376-3618
